study,year,location,state,site_altitude,region,fungicide,inc_mean_check,inc_mean,yld_mean_check,yld_mean,yld_mse,yld_sd,design
1,2008/2009,Montividiu,GO,921,North,AACHECK-0,76,76,2265,2265,34780.024,85.57,3
1,2008/2009,Montividiu,GO,921,North,DIMO+BOSC-2,76,28,2265,2925,34780.024,203.47,3
1,2008/2009,Montividiu,GO,921,North,FLUO-2,76,27,2265,3044,34780.024,189.12,3
1,2008/2009,Montividiu,GO,921,North,FLUZ-2,76,26,2265,2965,34780.024,285.09,3
1,2008/2009,Montividiu,GO,921,North,PROCY-2,76,40,2265,2967,34780.024,226.41,3
2,2008/2009,São Miguel do Passa Quatro,GO,1031,North,AACHECK-0,53,53,2257,2257,37608.393,62.99,3
2,2008/2009,São Miguel do Passa Quatro,GO,1031,North,DIMO+BOSC-2,53,7,2257,2666,37608.393,63.87,3
2,2008/2009,São Miguel do Passa Quatro,GO,1031,North,FLUO-2,53,15,2257,2674,37608.393,15.67,3
2,2008/2009,São Miguel do Passa Quatro,GO,1031,North,FLUZ-2,53,8,2257,2694,37608.393,169.26,3
2,2008/2009,São Miguel do Passa Quatro,GO,1031,North,PROCY-2,53,16,2257,2614,37608.393,347.41,3
3,2008/2009,Silvânia,GO,1050,North,AACHECK-0,65,65,2839,2839,32613.335,170.46,3
3,2008/2009,Silvânia,GO,1050,North,DIMO+BOSC-2,65,25,2839,3608,32613.335,87.83,3
3,2008/2009,Silvânia,GO,1050,North,FLUO-2,65,23,2839,3652,32613.335,150.94,3
3,2008/2009,Silvânia,GO,1050,North,FLUZ-2,65,26,2839,3595,32613.335,216.09,3
3,2008/2009,Silvânia,GO,1050,North,PROCY-2,65,25,2839,3517,32613.335,168.54,3
4,2008/2009,Mauá da Serra,PR,1029,South,AACHECK-0,69,69,1893,1893,98805.484,218.32,3
4,2008/2009,Mauá da Serra,PR,1029,South,DIMO+BOSC-2,69,34,1893,2976,98805.484,440.2,3
4,2008/2009,Mauá da Serra,PR,1029,South,FLUO-2,69,30,1893,2298,98805.484,207.55,3
4,2008/2009,Mauá da Serra,PR,1029,South,FLUZ-2,69,26,1893,2769,98805.484,258.18,3
4,2008/2009,Mauá da Serra,PR,1029,South,PROCY-2,69,43,1893,2367,98805.484,268.63,3
5,2008/2009,Nova Ponte,MG,999,North,AACHECK-0,21,21,2476,2476,75093.202,432.58,3
5,2008/2009,Nova Ponte,MG,999,North,DIMO+BOSC-2,21,8,2476,2301,75093.202,266.03,3
5,2008/2009,Nova Ponte,MG,999,North,FLUO-2,21,5,2476,2631,75093.202,251.81,3
5,2008/2009,Nova Ponte,MG,999,North,FLUZ-2,21,7,2476,2585,75093.202,292.55,3
5,2008/2009,Nova Ponte,MG,999,North,PROCY-2,21,9,2476,2576,75093.202,313.06,3
6,2009/2010,Montividiu,GO,921,North,AACHECK-0,90.3,90.3,2460,2460,50030.77,418.32,4
6,2009/2010,Montividiu,GO,921,North,DIMO+BOSC-2,90.3,75.9,2460,3113,50030.77,269.92,4
6,2009/2010,Montividiu,GO,921,North,FLUO-2,90.3,74.7,2460,3106,50030.77,136.62,4
6,2009/2010,Montividiu,GO,921,North,FLUZ-2,90.3,54.1,2460,3370,50030.77,269.46,4
6,2009/2010,Montividiu,GO,921,North,PROCY-2,90.3,66.9,2460,3053,50030.77,105.83,4
6,2009/2010,Montividiu,GO,921,North,TIOF-4,90.3,79.1,2460,3011,50030.77,114.15,4
7,2009/2010,São Miguel do Passa Quatro,GO,1027,North,AACHECK-0,39.4,39.4,3318,3319,114744.283,110.17,4
7,2009/2010,São Miguel do Passa Quatro,GO,1027,North,DIMO+BOSC-2,39.4,5,3318,3914,114744.283,418.18,4
7,2009/2010,São Miguel do Passa Quatro,GO,1027,North,FLUO-2,39.4,4.4,3318,4040,114744.283,130.28,4
7,2009/2010,São Miguel do Passa Quatro,GO,1027,North,FLUZ-2,39.4,7.8,3318,4041,114744.283,549.42,4
7,2009/2010,São Miguel do Passa Quatro,GO,1027,North,PROCY-2,39.4,8.3,3318,3774,114744.283,608.91,4
7,2009/2010,São Miguel do Passa Quatro,GO,1027,North,TIOF-4,39.4,11.4,3318,3428,114744.283,246.45,4
8,2009/2010,Água Fria,GO,891,North,AACHECK-0,37.7,37.7,3729,3729,61624.247,87.6,4
8,2009/2010,Água Fria,GO,891,North,DIMO+BOSC-2,37.7,1.1,3729,4090,61624.247,264.18,4
8,2009/2010,Água Fria,GO,891,North,FLUO-2,37.7,3.7,3729,4177,61624.247,428.97,4
8,2009/2010,Água Fria,GO,891,North,FLUZ-2,37.7,5.6,3729,4471,61624.247,352.46,4
8,2009/2010,Água Fria,GO,891,North,PROCY-2,37.7,1,3729,3904,61624.247,266.86,4
8,2009/2010,Água Fria,GO,891,North,TIOF-4,37.7,11.6,3729,3739,61624.247,220.8,4
9,2009/2010,Campo Verde,MT,985,North,AACHECK-0,43.7,43.7,1833,1833,327154.505,428.68,5
9,2009/2010,Campo Verde,MT,985,North,FLUO-2,43.7,17.2,1833,2224,327154.505,847.99,5
9,2009/2010,Campo Verde,MT,985,North,FLUZ-2,43.7,21.9,1833,2366,327154.505,413.33,5
9,2009/2010,Campo Verde,MT,985,North,PROCY-2,43.7,14.1,1833,2412,327154.505,905.35,5
9,2009/2010,Campo Verde,MT,985,North,TIOF-4,43.7,38.2,1833,2366,327154.505,612.98,5
10,2009/2010,Nova Ponte,MG,1005,North,AACHECK-0,16.5,16.5,2940,2940,80480.89,295.75,4
10,2009/2010,Nova Ponte,MG,1005,North,DIMO+BOSC-2,16.5,NA,2940,3058,80480.89,340.92,4
10,2009/2010,Nova Ponte,MG,1005,North,FLUO-2,16.5,NA,2940,3169,80480.89,114.22,4
10,2009/2010,Nova Ponte,MG,1005,North,FLUZ-2,16.5,4,2940,3207,80480.89,329.05,4
10,2009/2010,Nova Ponte,MG,1005,North,PROCY-2,16.5,7.8,2940,3013,80480.89,413.29,4
10,2009/2010,Nova Ponte,MG,1005,North,TIOF-4,16.5,9.8,2940,3008,80480.89,264.24,4
11,2009/2010,Uberlândia,MG,947,North,AACHECK-0,32,32,2163,2163,130887.781,418.84,4
11,2009/2010,Uberlândia,MG,947,North,DIMO+BOSC-2,32,2.7,2163,2853,130887.781,258.24,4
11,2009/2010,Uberlândia,MG,947,North,FLUO-2,32,3.4,2163,2997,130887.781,209.5,4
11,2009/2010,Uberlândia,MG,947,North,FLUZ-2,32,4.5,2163,2993,130887.781,139.12,4
11,2009/2010,Uberlândia,MG,947,North,PROCY-2,32,5.5,2163,3110,130887.781,531.6,4
11,2009/2010,Uberlândia,MG,947,North,TIOF-4,32,8.2,2163,3227,130887.781,400.03,4
12,2009/2010,Pilar do Sul,SP,800,South,AACHECK-0,55,55,3351,3351,387631.18,327.62,4
12,2009/2010,Pilar do Sul,SP,800,South,DIMO+BOSC-2,55,8.75,3351,4865.5,387631.18,676.69,4
12,2009/2010,Pilar do Sul,SP,800,South,FLUO-2,55,5.25,3351,4669.5,387631.18,768.79,4
12,2009/2010,Pilar do Sul,SP,800,South,FLUZ-2,55,7,3351,4433.5,387631.18,762.45,4
12,2009/2010,Pilar do Sul,SP,800,South,PROCY-2,55,3.25,3351,4780,387631.18,1063.82,4
12,2009/2010,Pilar do Sul,SP,800,South,TIOF-4,55,14.5,3351,4668.5,387631.18,719.83,4
13,2009/2010,Mauá da Serra,PR,909,South,AACHECK-0,40.6,40.6,1941,1941,127321.956,218.24,4
13,2009/2010,Mauá da Serra,PR,909,South,DIMO+BOSC-2,40.6,10,1941,2899,127321.956,502.03,4
13,2009/2010,Mauá da Serra,PR,909,South,FLUO-2,40.6,9.4,1941,2324,127321.956,289.94,4
13,2009/2010,Mauá da Serra,PR,909,South,FLUZ-2,40.6,17.5,1941,2327,127321.956,337.38,4
13,2009/2010,Mauá da Serra,PR,909,South,PROCY-2,40.6,15.6,1941,2627,127321.956,631.27,4
13,2009/2010,Mauá da Serra,PR,909,South,TIOF-4,40.6,24.3,1941,2322,127321.956,362.72,4
14,2010/2011,Montividiu,GO,921,North,AACHECK-0,43.1,43.1,3013,3013,46277.776,213.5557689,4
14,2010/2011,Montividiu,GO,921,North,DIMO+BOSC-2,43.1,5.3,3013,3622,46277.776,227.658619,4
14,2010/2011,Montividiu,GO,921,North,FLUO-2,43.1,5.8,3013,3664,46277.776,323.9346552,4
14,2010/2011,Montividiu,GO,921,North,FLUZ-2,43.1,3.1,3013,3706,46277.776,215.3749449,4
14,2010/2011,Montividiu,GO,921,North,PROCY-2,43.1,11.9,3013,3566,46277.776,267.9186318,4
14,2010/2011,Montividiu,GO,921,North,TIOF-4,43.1,26.9,3013,3412,46277.776,106.6294251,4
15,2010/2011,São Miguel do Passa Quatro,GO,1027,North,AACHECK-0,31.28,31.28,2464,2464,42121.71,116.3468667,4
15,2010/2011,São Miguel do Passa Quatro,GO,1027,North,DIMO+BOSC-2,31.28,9.38,2464,3203,42121.71,267.7465824,4
15,2010/2011,São Miguel do Passa Quatro,GO,1027,North,FLUO-2,31.28,8.8,2464,3237,42121.71,234.5668895,4
15,2010/2011,São Miguel do Passa Quatro,GO,1027,North,FLUZ-2,31.28,9.08,2464,3221,42121.71,121.3696718,4
15,2010/2011,São Miguel do Passa Quatro,GO,1027,North,PROCY-2,31.28,10.63,2464,3236,42121.71,265.0485077,4
15,2010/2011,São Miguel do Passa Quatro,GO,1027,North,TIOF-4,31.28,20.03,2464,2860,42121.71,330.4969892,4
16,2010/2011,Silvânia,GO,1050,North,AACHECK-0,36.8,36.8,2935,2935,117429.612,228.3605109,4
16,2010/2011,Silvânia,GO,1050,North,DIMO+BOSC-2,36.8,5.8,2935,4275,117429.612,92.25534882,4
16,2010/2011,Silvânia,GO,1050,North,FLUO-2,36.8,5,2935,4244,117429.612,305.8171205,4
16,2010/2011,Silvânia,GO,1050,North,FLUZ-2,36.8,6,2935,4379,117429.612,332.1027006,4
16,2010/2011,Silvânia,GO,1050,North,PROCY-2,36.8,8.8,2935,4120,117429.612,458.5462146,4
16,2010/2011,Silvânia,GO,1050,North,TIOF-4,36.8,12.3,2935,4026,117429.612,353.4353698,4
17,2010/2011,Água Fria,GO,891,North,AACHECK-0,36,36,2847,2847,65985.822,254.4137304,4
17,2010/2011,Água Fria,GO,891,North,DIMO+BOSC-2,36,4,2847,3898,65985.822,325.4873711,4
17,2010/2011,Água Fria,GO,891,North,FLUO-2,36,2,2847,3666,65985.822,258.427618,4
17,2010/2011,Água Fria,GO,891,North,FLUZ-2,36,6,2847,4095,65985.822,172.1885018,4
17,2010/2011,Água Fria,GO,891,North,PROCY-2,36,4,2847,2996,65985.822,261.747409,4
17,2010/2011,Água Fria,GO,891,North,TIOF-4,36,12,2847,3515,65985.822,209.1932431,4
18,2010/2011,Ponta Grossa,PR,1021,South,AACHECK-0,64.5,64.5,3652,3652,151705.79,275.9971316,4
18,2010/2011,Ponta Grossa,PR,1021,South,DIMO+BOSC-2,64.5,25,3652,4711,151705.79,460.8109987,4
18,2010/2011,Ponta Grossa,PR,1021,South,FLUO-2,64.5,56.5,3652,3793,151705.79,523.3827037,4
18,2010/2011,Ponta Grossa,PR,1021,South,FLUZ-2,64.5,12.5,3652,4877,151705.79,283.3492973,4
18,2010/2011,Ponta Grossa,PR,1021,South,PROCY-2,64.5,9.3,3652,4403,151705.79,341.6366748,4
18,2010/2011,Ponta Grossa,PR,1021,South,TIOF-4,64.5,46.3,3652,3727,151705.79,341.3851351,4
19,2010/2011,Marilândia do Sul,PR,868,South,AACHECK-0,15.4,15.4,2725,2725,65985.015,254.4137304,4
19,2010/2011,Marilândia do Sul,PR,868,South,DIMO+BOSC-2,15.4,0.5,2725,3392,65985.015,325.4873711,4
19,2010/2011,Marilândia do Sul,PR,868,South,FLUO-2,15.4,11,2725,2725,65985.015,258.427618,4
19,2010/2011,Marilândia do Sul,PR,868,South,FLUZ-2,15.4,3.4,2725,2665,65985.015,172.1885018,4
19,2010/2011,Marilândia do Sul,PR,868,South,PROCY-2,15.4,2.4,2725,2667,65985.015,261.747409,4
19,2010/2011,Marilândia do Sul,PR,868,South,TIOF-4,15.4,6.1,2725,2902,65985.015,209.1932431,4
20,2011/2012,São Miguel do Passa Quatro,GO,1027,North,AACHECK-0,42.1,42.1,1986,1986,89704.967,316.9947875,4
20,2011/2012,São Miguel do Passa Quatro,GO,1027,North,DIMO+BOSC-2,42.1,7.8,1986,2366,89704.967,165.5285865,4
20,2011/2012,São Miguel do Passa Quatro,GO,1027,North,FLUO-2,42.1,7.5,1986,2343,89704.967,265.5897304,4
20,2011/2012,São Miguel do Passa Quatro,GO,1027,North,FLUZ-2,42.1,7.8,1986,2226,89704.967,310.5133843,4
20,2011/2012,São Miguel do Passa Quatro,GO,1027,North,PROCY-2,42.1,12.8,1986,2300,89704.967,180.4548634,4
20,2011/2012,São Miguel do Passa Quatro,GO,1027,North,TIOF-4,42.1,27.2,1986,2120,89704.967,306.5192596,4
21,2011/2012,Goianira,GO,737,North,AACHECK-0,34.7,34.7,2786,2786,38646.924,70.38735919,4
21,2011/2012,Goianira,GO,737,North,DIMO+BOSC-2,34.7,10.8,2786,3704,38646.924,191.9528426,4
21,2011/2012,Goianira,GO,737,North,FLUO-2,34.7,7.1,2786,3400,38646.924,98.6265498,4
21,2011/2012,Goianira,GO,737,North,FLUZ-2,34.7,15.9,2786,3445,38646.924,109.068243,4
21,2011/2012,Goianira,GO,737,North,PROCY-2,34.7,16.4,2786,3128,38646.924,247.7751115,4
21,2011/2012,Goianira,GO,737,North,TIOF-4,34.7,25,2786,2770,38646.924,290.1578685,4
22,2011/2012,Uberlândia,MG,947,North,AACHECK-0,46.3,46.3,2792,2792,74708.673,192.6604677,4
22,2011/2012,Uberlândia,MG,947,North,DIMO+BOSC-2,46.3,23.3,2792,3441,74708.673,375.7457862,4
22,2011/2012,Uberlândia,MG,947,North,FLUO-2,46.3,16.8,2792,3492,74708.673,194.8112735,4
22,2011/2012,Uberlândia,MG,947,North,FLUZ-2,46.3,21,2792,3767,74708.673,76.60323644,4
22,2011/2012,Uberlândia,MG,947,North,PROCY-2,46.3,21,2792,3350,74708.673,280.624304,4
22,2011/2012,Uberlândia,MG,947,North,TIOF-4,46.3,16.5,2792,3447,74708.673,139.3343551,4
23,2011/2012,Chapadão do Sul,MS,813,North,AACHECK-0,67.5,67.5,2646,2646,172027.208,563.7950923,4
23,2011/2012,Chapadão do Sul,MS,813,North,DIMO+BOSC-2,67.5,8.8,2646,3033,172027.208,305.1099181,4
23,2011/2012,Chapadão do Sul,MS,813,North,FLUO-2,67.5,11.3,2646,3470,172027.208,358.9584201,4
23,2011/2012,Chapadão do Sul,MS,813,North,FLUZ-2,67.5,23.8,2646,3622,172027.208,581.10701,4
23,2011/2012,Chapadão do Sul,MS,813,North,PROCY-2,67.5,13.8,2646,3453,172027.208,516.7800074,4
23,2011/2012,Chapadão do Sul,MS,813,North,TIOF-4,67.5,15,2646,2977,172027.208,379.4060836,4
24,2011/2012,Ponta Grossa,PR,1021,South,AACHECK-0,20.5,20.5,2692,2692,71177.845,170.6493948,4
24,2011/2012,Ponta Grossa,PR,1021,South,DIMO+BOSC-2,20.5,5.5,2692,3318,71177.845,459.4025461,4
24,2011/2012,Ponta Grossa,PR,1021,South,FLUO-2,20.5,5.2,2692,2815,71177.845,91.38496434,4
24,2011/2012,Ponta Grossa,PR,1021,South,FLUZ-2,20.5,8.2,2692,2947,71177.845,42.35531894,4
24,2011/2012,Ponta Grossa,PR,1021,South,PROCY-2,20.5,9.25,2692,2802,71177.845,401.3573489,4
24,2011/2012,Ponta Grossa,PR,1021,South,TIOF-4,20.5,11.2,2692,2808,71177.845,244.4530004,4
25,2011/2012,Palmeira,PR,820,South,AACHECK-0,55,55,1451,1451,1720.738,40.39317778,4
25,2011/2012,Palmeira,PR,820,South,DIMO+BOSC-2,55,6.3,1451,1941,1720.738,57.61496563,4
25,2011/2012,Palmeira,PR,820,South,FLUO-2,55,7.5,1451,1729,1720.738,54.32839364,4
25,2011/2012,Palmeira,PR,820,South,FLUZ-2,55,11.3,1451,1659,1720.738,65.91742045,4
25,2011/2012,Palmeira,PR,820,South,PROCY-2,55,15,1451,1728,1720.738,50.70761144,4
25,2011/2012,Palmeira,PR,820,South,TIOF-4,55,33.8,1451,1485,1720.738,16.13395217,4
26,2011/2012,Palmeira,PR,820,South,AACHECK-0,47.5,47.5,1438,1438,6986.295,28.09980012,4
26,2011/2012,Palmeira,PR,820,South,DIMO+BOSC-2,47.5,2.5,1438,1791,6986.295,202.0818701,4
26,2011/2012,Palmeira,PR,820,South,FLUO-2,47.5,2.5,1438,1757,6986.295,23.70375788,4
26,2011/2012,Palmeira,PR,820,South,FLUZ-2,47.5,5,1438,1629,6986.295,75.1868235,4
26,2011/2012,Palmeira,PR,820,South,PROCY-2,47.5,6.25,1438,1733,6986.295,23.08358363,4
26,2011/2012,Palmeira,PR,820,South,TIOF-4,47.5,15,1438,1494,6986.295,30.69690973,4
27,2011/2012,São Desiderio,BA,844,North,AACHECK-0,100,100,2369,2369,8761.826,39.63029144,4
27,2011/2012,São Desiderio,BA,844,North,DIMO+BOSC-2,100,93.75,2369,3167,8761.826,57.23294506,4
27,2011/2012,São Desiderio,BA,844,North,FLUO-2,100,97.92,2369,3120,8761.826,60.20639501,4
27,2011/2012,São Desiderio,BA,844,North,FLUZ-2,100,85.42,2369,3272,8761.826,46.30345559,4
27,2011/2012,São Desiderio,BA,844,North,PROCY-2,100,89.58,2369,3097,8761.826,23.20689553,4
27,2011/2012,São Desiderio,BA,844,North,TIOF-4,100,89.58,2369,2874,8761.826,64.81018438,4
28,2011/2012,Montividiu,GO,921,North,AACHECK-0,24.38,24.38,3321,3321,33144.363,100.2475724,4
28,2011/2012,Montividiu,GO,921,North,DIMO+BOSC-2,24.38,1.88,3321,4160,33144.363,226.7585162,4
28,2011/2012,Montividiu,GO,921,North,FLUO-2,24.38,3.13,3321,4059,33144.363,266.6317971,4
28,2011/2012,Montividiu,GO,921,North,FLUZ-2,24.38,1.88,3321,4114,33144.363,93.27826614,4
28,2011/2012,Montividiu,GO,921,North,PROCY-2,24.38,4.75,3321,4022,33144.363,73.70974454,4
28,2011/2012,Montividiu,GO,921,North,TIOF-4,24.38,8.75,3321,3749,33144.363,97.67993252,4
29,2011/2012,Campo Verde,MT,736,North,AACHECK-0,3.65,3.65,2648,2648,85847.102,393.0024685,4
29,2011/2012,Campo Verde,MT,736,North,DIMO+BOSC-2,3.65,0.5,2648,2512,85847.102,98.3691646,4
29,2011/2012,Campo Verde,MT,736,North,FLUO-2,3.65,0.35,2648,2839,85847.102,238.8901886,4
29,2011/2012,Campo Verde,MT,736,North,FLUZ-2,3.65,0.35,2648,2984,85847.102,77.7332477,4
29,2011/2012,Campo Verde,MT,736,North,PROCY-2,3.65,0.35,2648,2827,85847.102,394.3222294,4
29,2011/2012,Campo Verde,MT,736,North,TIOF-4,3.65,4.17,2648,2602,85847.102,256.8416822,4
30,2011/2012,Faxinal,PR,991,South,AACHECK-0,36.75,36.75,3099,3099,46821.549,160.9094511,4
30,2011/2012,Faxinal,PR,993,South,DIMO+BOSC-2,36.75,11.5,3099,3710,46821.549,368.9657007,4
30,2011/2012,Faxinal,PR,994,South,FLUO-2,36.75,10.25,3099,3927,46821.549,206.2746468,4
30,2011/2012,Faxinal,PR,995,South,FLUZ-2,36.75,17.75,3099,3562,46821.549,251.4821408,4
30,2011/2012,Faxinal,PR,997,South,PROCY-2,36.75,22.75,3099,3644,46821.549,325.5111758,4
30,2011/2012,Faxinal,PR,998,South,TIOF-4,36.75,34,3099,3368,46821.549,228.7887859,4
31,2011/2012,Capão Bonito,SP,730,South,AACHECK-0,5,5,3656,3656,100117.471,766.9618326,4
31,2011/2012,Capão Bonito,SP,730,South,DIMO+BOSC-2,5,1.5,3656,3692,100117.471,578.729629,4
31,2011/2012,Capão Bonito,SP,730,South,FLUO-2,5,0.5,3656,3675,100117.471,532.2036647,4
31,2011/2012,Capão Bonito,SP,730,South,FLUZ-2,5,1,3656,3814,100117.471,404.8446331,4
31,2011/2012,Capão Bonito,SP,730,South,PROCY-2,5,0.5,3656,3608,100117.471,497.5143979,4
31,2011/2012,Capão Bonito,SP,730,South,TIOF-4,5,1.5,3656,3092,100117.471,245.3476579,4
32,2012/2013,Chapadão do Sul,MS,813,North,AACHECK-0,7.5,7.5,4111.81,4111.81,34965.78,221.6684647,4
32,2012/2013,Chapadão do Sul,MS,813,North,DIMO+BOSC-2,7.5,0.5,4111.81,4211.87,34965.78,348.364457,4
32,2012/2013,Chapadão do Sul,MS,813,North,FLUO-2,7.5,0.5,4111.81,4354.93,34965.78,269.2657933,4
32,2012/2013,Chapadão do Sul,MS,813,North,FLUZ-2,7.5,0.5,4111.81,4152.93,34965.78,192.5351175,4
32,2012/2013,Chapadão do Sul,MS,813,North,PROCY-2,7.5,1.25,4111.81,4161.85,34965.78,313.5445724,4
32,2012/2013,Chapadão do Sul,MS,813,North,TIOF-4,7.5,0.5,4111.81,4079.58,34965.78,428.6285002,4
34,2012/2013,Ponta Grossa,PR,1021,South,AACHECK-0,25.94,25.94,2187.38,2187.38,26214.69,203.6333494,3
34,2012/2013,Ponta Grossa,PR,1021,South,DIMO+BOSC-2,25.94,9.06,2187.38,2199.24,26214.69,94.08138931,3
34,2012/2013,Ponta Grossa,PR,1021,South,FLUO-2,25.94,11.25,2187.38,2317.91,26214.69,67.68688649,3
34,2012/2013,Ponta Grossa,PR,1021,South,FLUZ-2,25.94,11.25,2187.38,2129.28,26214.69,172.5175653,3
34,2012/2013,Ponta Grossa,PR,1021,South,PROCY-2,25.94,9.38,2187.38,2236.55,26214.69,189.7361954,3
35,2012/2013,Jataí,GO,749,North,AACHECK-0,12.13,12.13,3167.94,3167.94,113974.07,209.727031,3
35,2012/2013,Jataí,GO,749,North,DIMO+BOSC-2,12.13,0.5,3167.94,3209.4,113974.07,521.7254011,3
35,2012/2013,Jataí,GO,749,North,FLUO-2,12.13,1.63,3167.94,3198.37,113974.07,207.5021429,3
35,2012/2013,Jataí,GO,749,North,FLUZ-2,12.13,0.75,3167.94,3065.35,113974.07,270.6943529,3
35,2012/2013,Jataí,GO,749,North,PROCY-2,12.13,1.75,3167.94,3331.61,113974.07,200.5123055,3
36,2012/2013,São Miguel do Passa Quatro,GO,1027,North,AACHECK-0,7.23,7.23,1872.39,1872.39,137943.42,378.2327071,3
36,2012/2013,São Miguel do Passa Quatro,GO,1027,North,DIMO+BOSC-2,7.23,0.33,1872.39,2380.15,137943.42,473.3703446,3
36,2012/2013,São Miguel do Passa Quatro,GO,1027,North,FLUO-2,7.23,0.33,1872.39,2506.97,137943.42,92.42418445,3
36,2012/2013,São Miguel do Passa Quatro,GO,1027,North,FLUZ-2,7.23,0.33,1872.39,2483.6,137943.42,350.9889193,3
36,2012/2013,São Miguel do Passa Quatro,GO,1027,North,PROCY-2,7.23,0.65,1872.39,2337.42,137943.42,330.5720281,3
37,2012/2013,Faxinal,PR,820,South,AACHECK-0,58.25,58.25,3393.33,3393.33,153279.48,188.5283548,3
37,2012/2013,Faxinal,PR,820,South,DIMO+BOSC-2,58.25,19,3393.33,4163.59,153279.48,445.863306,3
37,2012/2013,Faxinal,PR,820,South,FLUO-2,58.25,22,3393.33,4036.01,153279.48,250.1845836,3
37,2012/2013,Faxinal,PR,820,South,FLUZ-2,58.25,40.75,3393.33,3936.61,153279.48,317.0694922,3
37,2012/2013,Faxinal,PR,820,South,PROCY-2,58.25,42,3393.33,3781.97,153279.48,280.8644179,3
38,2012/2013,Uberlândia,MG,947,North,AACHECK-0,21.68,21.68,2988.75,2988.75,13242.53,29.54516317,3
38,2012/2013,Uberlândia,MG,947,North,DIMO+BOSC-2,21.68,8.8,2988.75,3053.75,13242.53,61.09214352,3
38,2012/2013,Uberlândia,MG,947,North,FLUO-2,21.68,0.5,2988.75,3410,13242.53,189.7805751,3
38,2012/2013,Uberlândia,MG,947,North,FLUZ-2,21.68,0.5,2988.75,3287,13242.53,182.3439973,3
38,2012/2013,Uberlândia,MG,947,North,PROCY-2,21.68,1.25,2988.75,3250,13242.53,127.2792206,3
39,2012/2013,Ponta Grossa,PR,1021,South,AACHECK-0,14.69,14.69,4525.89,4525.89,63444.33,338.2177291,3
39,2012/2013,Ponta Grossa,PR,1021,South,DIMO+BOSC-2,14.69,0.94,4525.89,5133.31,63444.33,305.2877818,3
39,2012/2013,Ponta Grossa,PR,1021,South,FLUO-2,14.69,4.69,4525.89,4959.05,63444.33,483.9105071,3
39,2012/2013,Ponta Grossa,PR,1021,South,FLUZ-2,14.69,3.13,4525.89,5033.51,63444.33,404.0257316,3
39,2012/2013,Ponta Grossa,PR,1021,South,PROCY-2,14.69,3.75,4525.89,4892.34,63444.33,115.9467325,3
40,2013/2014,Chapadão do Sul,MS,813,North,AACHECK-0,16.25,16.25,3279.33,3279.33,61232.22,201.7064967,1
40,2013/2014,Chapadão do Sul,MS,813,North,CARB+PROCY-2,16.25,0.5,3279.33,3678.5,61232.22,387.9099048,1
40,2013/2014,Chapadão do Sul,MS,813,North,DIMO+BOSC-2,16.25,0.5,3279.33,3759.22,61232.22,292.5930435,1
40,2013/2014,Chapadão do Sul,MS,813,North,FLUO-2,16.25,3.75,3279.33,3565.29,61232.22,215.5200482,1
40,2013/2014,Chapadão do Sul,MS,813,North,FLUZ-2,16.25,7.5,3279.33,3613.89,61232.22,302.0163847,1
40,2013/2014,Chapadão do Sul,MS,813,North,PROCY-2,16.25,3.75,3279.33,3650.65,61232.22,179.7978885,1
40,2013/2014,Chapadão do Sul,MS,813,North,TIOF-4,16.25,6.25,3279.33,3522.92,61232.22,291.6001656,1
41,2013/2014,Montividiu,GO,921,North,AACHECK-0,15,15,3236.64,3236.64,52647,354.3128059,1
41,2013/2014,Montividiu,GO,921,North,CARB+PROCY-2,15,2.5,3236.64,3627.04,52647,109.5399072,1
41,2013/2014,Montividiu,GO,921,North,DIMO+BOSC-2,15,1.5,3236.64,3622.1,52647,192.3171975,1
41,2013/2014,Montividiu,GO,921,North,FLUO-2,15,3.5,3236.64,3458.91,52647,213.5270841,1
41,2013/2014,Montividiu,GO,921,North,FLUZ-2,15,1,3236.64,3683.93,52647,199.058002,1
41,2013/2014,Montividiu,GO,921,North,PROCY-2,15,2.25,3236.64,3499.46,52647,341.7212013,1
41,2013/2014,Montividiu,GO,921,North,TIOF-4,15,6.25,3236.64,3391.87,52647,173.3746962,1
42,2013/2014,Mauá da Serra,PR,909,South,AACHECK-0,33.25,33.25,3494.81,3494.81,81886.32,143.1347754,1
42,2013/2014,Mauá da Serra,PR,909,South,CARB+PROCY-2,33.25,0.5,3494.81,4052.22,81886.32,403.2877347,1
42,2013/2014,Mauá da Serra,PR,909,South,DIMO+BOSC-2,33.25,1,3494.81,4228.5,81886.32,169.0442474,1
42,2013/2014,Mauá da Serra,PR,909,South,FLUO-2,33.25,0.75,3494.81,4145.06,81886.32,88.67040105,1
42,2013/2014,Mauá da Serra,PR,909,South,FLUZ-2,33.25,2.5,3494.81,3803.63,81886.32,389.0418168,1
42,2013/2014,Mauá da Serra,PR,909,South,PROCY-2,33.25,1.25,3494.81,3782.62,81886.32,265.3175534,1
42,2013/2014,Mauá da Serra,PR,909,South,TIOF-4,33.25,6,3494.81,3784.74,81886.32,266.2140617,1
43,2013/2014,Ponta Grossa,PR,1021,South,AACHECK-0,41.25,41.25,2602.4,2602.4,53070.66,390.6834629,1
43,2013/2014,Ponta Grossa,PR,1021,South,CARB+PROCY-2,41.25,4.06,2602.4,2864.76,53070.66,319.3954417,1
43,2013/2014,Ponta Grossa,PR,1021,South,DIMO+BOSC-2,41.25,11.88,2602.4,2633.48,53070.66,178.3329693,1
43,2013/2014,Ponta Grossa,PR,1021,South,FLUO-2,41.25,15.63,2602.4,2964.61,53070.66,332.3629021,1
43,2013/2014,Ponta Grossa,PR,1021,South,FLUZ-2,41.25,11.25,2602.4,2994.86,53070.66,216.7520163,1
43,2013/2014,Ponta Grossa,PR,1021,South,PROCY-2,41.25,8.44,2602.4,2939.68,53070.66,178.2430651,1
43,2013/2014,Ponta Grossa,PR,1021,South,TIOF-4,41.25,33.44,2602.4,2605.85,53070.66,112.8818992,1
44,2013/2014,Ponta Grossa,PR,1021,South,AACHECK-0,10.5,10.5,2301.59,2301.59,45439.64,243.0090142,1
44,2013/2014,Ponta Grossa,PR,1021,South,CARB+PROCY-2,10.5,0.5,2301.59,3717.71,45439.64,209.9486008,1
44,2013/2014,Ponta Grossa,PR,1021,South,DIMO+BOSC-2,10.5,1.5,2301.59,3526.73,45439.64,331.7825324,1
44,2013/2014,Ponta Grossa,PR,1021,South,FLUO-2,10.5,2.25,2301.59,2840.67,45439.64,244.2340508,1
44,2013/2014,Ponta Grossa,PR,1021,South,FLUZ-2,10.5,3.5,2301.59,3284.37,45439.64,76.22566125,1
44,2013/2014,Ponta Grossa,PR,1021,South,PROCY-2,10.5,2.75,2301.59,3185.27,45439.64,101.912187,1
44,2013/2014,Ponta Grossa,PR,1021,South,TIOF-4,10.5,2.5,2301.59,2763.24,45439.64,216.3445769,1
45,2014/2015,Rio Verde,GO,921,North,AACHECK-0,27.25,27.25,3757.15,3757.15,33928.18,50.97076744,1
45,2014/2015,Rio Verde,GO,921,North,CARB+PROCY-2,27.25,6.25,3757.15,4162.65,33928.18,255.7720968,1
45,2014/2015,Rio Verde,GO,921,North,DIMO+BOSC-2,27.25,3.63,3757.15,4261.61,33928.18,87.46996027,1
45,2014/2015,Rio Verde,GO,921,North,FLUO-2,27.25,5.88,3757.15,4205.54,33928.18,176.6264788,1
45,2014/2015,Rio Verde,GO,921,North,FLUZ-2,27.25,5.5,3757.15,4231.36,33928.18,68.70833297,1
45,2014/2015,Rio Verde,GO,921,North,PROCY-2,27.25,13.88,3757.15,4044.82,33928.18,279.2630085,1
45,2014/2015,Rio Verde,GO,921,North,TIOF-4,27.25,13.38,3757.15,3944.45,33928.18,154.4359802,1
46,2014/2015,Ponta Grossa,PR,1021,South,AACHECK-0,26.88,26.88,4042.64,4042.64,100104.95,575.7455965,1
46,2014/2015,Ponta Grossa,PR,1021,South,CARB+PROCY-2,26.88,4.38,4042.64,4353.12,100104.95,331.1726236,1
46,2014/2015,Ponta Grossa,PR,1021,South,DIMO+BOSC-2,26.88,4.06,4042.64,4583.63,100104.95,480.2161704,1
46,2014/2015,Ponta Grossa,PR,1021,South,FLUO-2,26.88,5.94,4042.64,4198.07,100104.95,350.3923246,1
46,2014/2015,Ponta Grossa,PR,1021,South,FLUZ-2,26.88,6.25,4042.64,4344.22,100104.95,738.1087533,1
46,2014/2015,Ponta Grossa,PR,1021,South,PROCY-2,26.88,11.72,4042.64,4154.03,100104.95,310.7601214,1
46,2014/2015,Ponta Grossa,PR,1021,South,TIOF-4,26.88,19.38,4042.64,4080.34,100104.95,390.9106539,1
47,2014/2015,Montividiu,GO,921,North,AACHECK-0,4.06,4.06,3468.1,3468.1,33928.18,123.9678806,1
47,2014/2015,Montividiu,GO,921,North,CARB+PROCY-2,4.06,1.25,3468.1,3980.31,33928.18,163.5630128,1
47,2014/2015,Montividiu,GO,921,North,DIMO+BOSC-2,4.06,1.56,3468.1,3881.22,33928.18,82.7947096,1
47,2014/2015,Montividiu,GO,921,North,FLUO-2,4.06,1.56,3468.1,3745.41,33928.18,98.17217271,1
47,2014/2015,Montividiu,GO,921,North,FLUZ-2,4.06,0.63,3468.1,4037.5,33928.18,181.5918572,1
47,2014/2015,Montividiu,GO,921,North,PROCY-2,4.06,1.09,3468.1,4029.32,33928.18,303.451123,1
47,2014/2015,Montividiu,GO,921,North,TIOF-4,4.06,2.81,3468.1,3779.59,33928.18,78.82388386,1
48,2014/2015,Mauá da Serra,PR,909,South,AACHECK-0,10.75,10.75,3963.96,3963.96,59776.59,119.334465,1
48,2014/2015,Mauá da Serra,PR,909,South,CARB+PROCY-2,10.75,0.75,3963.96,4701.63,59776.59,248.9551741,1
48,2014/2015,Mauá da Serra,PR,909,South,DIMO+BOSC-2,10.75,1.25,3963.96,4796.58,59776.59,170.2287545,1
48,2014/2015,Mauá da Serra,PR,909,South,FLUO-2,10.75,0.25,3963.96,5099.09,59776.59,301.7179158,1
48,2014/2015,Mauá da Serra,PR,909,South,FLUZ-2,10.75,2.75,3963.96,4645.14,59776.59,191.6632729,1
48,2014/2015,Mauá da Serra,PR,909,South,PROCY-2,10.75,2.75,3963.96,4595.54,59776.59,322.5367572,1
48,2014/2015,Mauá da Serra,PR,909,South,TIOF-4,10.75,5,3963.96,4421.43,59776.59,300.6482036,1
49,2015/2016,Montividiu,GO,921,North,AACHECK-0,36.25,36.25,3362.93,3362.93,62701.1,156.4940977,1
49,2015/2016,Montividiu,GO,921,North,CARB+PROCY-2,36.25,4,3362.93,3719.76,62701.1,123.2130706,1
49,2015/2016,Montividiu,GO,921,North,DIMO+BOSC-2,36.25,2,3362.93,3894.54,62701.1,81.41537071,1
49,2015/2016,Montividiu,GO,921,North,FLUO-2,36.25,1.75,3362.93,3783.7,62701.1,667.625449,1
49,2015/2016,Montividiu,GO,921,North,FLUZ-2,36.25,2.75,3362.93,3884.94,62701.1,378.0068184,1
49,2015/2016,Montividiu,GO,921,North,PROCY-2,36.25,4.13,3362.93,3806.55,62701.1,128.2578084,1
49,2015/2016,Montividiu,GO,921,North,TIOF-4,36.25,15.5,3362.93,3523.98,62701.1,244.3311183,1
50,2015/2016,Montividiu,GO,921,North,AACHECK-0,50.92,50.92,2539.56,2539.56,229754.7,87.49388973,1
50,2015/2016,Montividiu,GO,921,North,CARB+PROCY-2,50.92,12.83,2539.56,3742.08,229754.7,428.3063784,1
50,2015/2016,Montividiu,GO,921,North,DIMO+BOSC-2,50.92,16.41,2539.56,3714.18,229754.7,367.1390987,1
50,2015/2016,Montividiu,GO,921,North,FLUO-2,50.92,10.5,2539.56,3615.51,229754.7,867.5699133,1
50,2015/2016,Montividiu,GO,921,North,FLUZ-2,50.92,10.42,2539.56,3759.36,229754.7,558.0090779,1
50,2015/2016,Montividiu,GO,921,North,PROCY-2,50.92,8.54,2539.56,3632.98,229754.7,829.9816824,1
50,2015/2016,Montividiu,GO,921,North,TIOF-4,50.92,27.5,2539.56,3425.2,229754.7,553.1764194,1
51,2015/2016,Silvânia,GO,1050,North,AACHECK-0,30.98,30.98,1667.3,1667.3,65005.33,459.7269261,1
51,2015/2016,Silvânia,GO,1050,North,CARB+PROCY-2,30.98,14.1,1667.3,2562.61,65005.33,234.1617593,1
51,2015/2016,Silvânia,GO,1050,North,DIMO+BOSC-2,30.98,14.4,1667.3,2655.06,65005.33,168.908571,1
51,2015/2016,Silvânia,GO,1050,North,FLUO-2,30.98,13.75,1667.3,2486.77,65005.33,115.9583539,1
51,2015/2016,Silvânia,GO,1050,North,FLUZ-2,30.98,12.53,1667.3,2870.51,65005.33,362.5607881,1
51,2015/2016,Silvânia,GO,1050,North,PROCY-2,30.98,16.28,1667.3,2247.01,65005.33,209.9989193,1
51,2015/2016,Silvânia,GO,1050,North,TIOF-4,30.98,16.58,1667.3,2017.71,65005.33,186.0673003,1
52,2015/2016,Silvânia,GO,1050,North,AACHECK-0,27.23,27.23,1720.44,1720.44,63203.05,153.2521349,1
52,2015/2016,Silvânia,GO,1050,North,CARB+PROCY-2,27.23,12.5,1720.44,2308.21,63203.05,345.1491869,1
52,2015/2016,Silvânia,GO,1050,North,DIMO+BOSC-2,27.23,11.88,1720.44,2457.52,63203.05,302.7155116,1
52,2015/2016,Silvânia,GO,1050,North,FLUO-2,27.23,12.2,1720.44,2575.09,63203.05,255.4516678,1
52,2015/2016,Silvânia,GO,1050,North,FLUZ-2,27.23,10.95,1720.44,2516.96,63203.05,124.4595123,1
52,2015/2016,Silvânia,GO,1050,North,PROCY-2,27.23,14.55,1720.44,2319.77,63203.05,317.3275329,1
52,2015/2016,Silvânia,GO,1050,North,TIOF-4,27.23,15.33,1720.44,2492.96,63203.05,45.88347201,1
53,2015/2016,Uberlândia,MG,863,North,AACHECK-0,17.5,17.5,2738.75,2738.75,66956.28,177.218086,1
53,2015/2016,Uberlândia,MG,863,North,CARB+PROCY-2,17.5,0.5,2738.75,2698.75,66956.28,172.9342361,1
53,2015/2016,Uberlândia,MG,863,North,DIMO+BOSC-2,17.5,2.75,2738.75,2776.25,66956.28,208.3416665,1
53,2015/2016,Uberlândia,MG,863,North,FLUO-2,17.5,1.25,2738.75,2968.75,66956.28,295.6736658,1
53,2015/2016,Uberlândia,MG,863,North,FLUZ-2,17.5,0.5,2738.75,3045,66956.28,136.2595562,1
53,2015/2016,Uberlândia,MG,863,North,PROCY-2,17.5,2.5,2738.75,2928.75,66956.28,314.2309205,1
53,2015/2016,Uberlândia,MG,863,North,TIOF-4,17.5,6.25,2738.75,2811.25,66956.28,417.1006074,1
54,2015/2016,Barreiras,BA,454,North,AACHECK-0,29.29,29.29,2375.6,2375.6,33058.13,83.12130577,1
54,2015/2016,Barreiras,BA,454,North,CARB+PROCY-2,29.29,2.28,2375.6,2499.5,33058.13,46.01478844,1
54,2015/2016,Barreiras,BA,454,North,DIMO+BOSC-2,29.29,2.45,2375.6,2559.34,33058.13,156.0923668,1
54,2015/2016,Barreiras,BA,454,North,FLUO-2,29.29,0.26,2375.6,2635.83,33058.13,141.9545845,1
54,2015/2016,Barreiras,BA,454,North,FLUZ-2,29.29,7.01,2375.6,2610.8,33058.13,116.5166187,1
54,2015/2016,Barreiras,BA,454,North,PROCY-2,29.29,7.32,2375.6,2410.85,33058.13,283.4309183,1
54,2015/2016,Barreiras,BA,454,North,TIOF-4,29.29,14.45,2375.6,2486.95,33058.13,128.9274172,1
55,2015/2016,Júlio de  Castilhos,RS,513,South,AACHECK-0,28.75,28.75,3255.14,3255.14,157323.53,186.5159857,1
55,2015/2016,Júlio de  Castilhos,RS,513,South,CARB+PROCY-2,28.75,15,3255.14,3579.04,157323.53,743.27332,1
55,2015/2016,Júlio de  Castilhos,RS,513,South,DIMO+BOSC-2,28.75,11.25,3255.14,3754.89,157323.53,357.3756888,1
55,2015/2016,Júlio de  Castilhos,RS,513,South,FLUO-2,28.75,5.63,3255.14,4026.28,157323.53,255.6894112,1
55,2015/2016,Júlio de  Castilhos,RS,513,South,FLUZ-2,28.75,15.63,3255.14,4014.07,157323.53,26.09218695,1
55,2015/2016,Júlio de  Castilhos,RS,513,South,PROCY-2,28.75,16.25,3255.14,3577.54,157323.53,253.5530323,1
55,2015/2016,Júlio de  Castilhos,RS,513,South,TIOF-4,28.75,23.13,3255.14,3011.99,157323.53,394.819117,1
56,2015/2016,Júlio de  Castilhos,RS,513,South,AACHECK-0,41.25,41.25,3434.39,3434.39,47108.99,253.8205663,1
56,2015/2016,Júlio de  Castilhos,RS,513,South,CARB+PROCY-2,41.25,6.88,3434.39,3645.76,47108.99,164.8375749,1
56,2015/2016,Júlio de  Castilhos,RS,513,South,DIMO+BOSC-2,41.25,6.25,3434.39,3702.35,47108.99,153.3543743,1
56,2015/2016,Júlio de  Castilhos,RS,513,South,FLUO-2,41.25,5.63,3434.39,3621.14,47108.99,218.9410818,1
56,2015/2016,Júlio de  Castilhos,RS,513,South,FLUZ-2,41.25,7.5,3434.39,3771.38,47108.99,240.80468,1
56,2015/2016,Júlio de  Castilhos,RS,513,South,PROCY-2,41.25,10.31,3434.39,3693.47,47108.99,210.9106734,1
56,2015/2016,Júlio de  Castilhos,RS,513,South,TIOF-4,41.25,13.13,3434.39,3586.31,47108.99,201.9472726,1
57,2015/2016,Mauá da Serra,PR,909,South,AACHECK-0,23.44,23.44,2868.09,2868.09,60708.08,248.6290109,1
57,2015/2016,Mauá da Serra,PR,909,South,CARB+PROCY-2,23.44,8.75,2868.09,3217.53,60708.08,313.4714413,1
57,2015/2016,Mauá da Serra,PR,909,South,DIMO+BOSC-2,23.44,3.13,2868.09,3400.12,60708.08,440.0162414,1
57,2015/2016,Mauá da Serra,PR,909,South,FLUO-2,23.44,3.44,2868.09,3226.18,60708.08,258.4817286,1
57,2015/2016,Mauá da Serra,PR,909,South,FLUZ-2,23.44,9.69,2868.09,3350.2,60708.08,580.0778933,1
57,2015/2016,Mauá da Serra,PR,909,South,PROCY-2,23.44,10.94,2868.09,3265.72,60708.08,391.3588951,1
57,2015/2016,Mauá da Serra,PR,909,South,TIOF-4,23.44,17.81,2868.09,3238.85,60708.08,507.6538584,1
58,2015/2016,Faxinal,PR,820,South,AACHECK-0,13.13,13.13,4078.66,4078.66,217894.5,586.5698562,1
58,2015/2016,Faxinal,PR,820,South,CARB+PROCY-2,13.13,1.56,4078.66,4453.91,217894.5,331.1065559,1
58,2015/2016,Faxinal,PR,820,South,DIMO+BOSC-2,13.13,1.56,4078.66,4456.51,217894.5,804.0066027,1
58,2015/2016,Faxinal,PR,820,South,FLUO-2,13.13,0.5,4078.66,4424.58,217894.5,452.8863103,1
58,2015/2016,Faxinal,PR,820,South,FLUZ-2,13.13,2.5,4078.66,4681.59,217894.5,310.3782707,1
58,2015/2016,Faxinal,PR,820,South,PROCY-2,13.13,3.75,4078.66,4626.2,217894.5,410.9096569,1
58,2015/2016,Faxinal,PR,820,South,TIOF-4,13.13,4.38,4078.66,4189.76,217894.5,140.643317,1
59,2016/2017,Ponta Grossa,PR,1021,South,AACHECK-0,3.75,3.75,4488.05,4488.05,142638.92,524.8750957,1
59,2016/2017,Ponta Grossa,PR,1021,South,CARB+PROCY-2,3.75,0.25,4488.05,4454.17,142638.92,449.0674299,1
59,2016/2017,Ponta Grossa,PR,1021,South,DIMO+BOSC-2,3.75,0.25,4488.05,4797.13,142638.92,211.3556777,1
59,2016/2017,Ponta Grossa,PR,1021,South,FLUO-2,3.75,0.25,4488.05,4745.44,142638.92,195.2270331,1
59,2016/2017,Ponta Grossa,PR,1021,South,FLUZ-2,3.75,1.75,4488.05,4661.71,142638.92,267.2729127,1
59,2016/2017,Ponta Grossa,PR,1021,South,PROCY-2,3.75,1,4488.05,4808.79,142638.92,623.5085292,1
59,2016/2017,Ponta Grossa,PR,1021,South,TIOF-4,3.75,2.5,4488.05,4898.56,142638.92,709.7998436,1
60,2016/2017,Pitanga,PR,952,South,AACHECK-0,46.5,46.5,3484.49,3484.49,60015.54,139.1139394,1
60,2016/2017,Pitanga,PR,952,South,CARB+PROCY-2,46.5,3,3484.49,4774.43,60015.54,205.8272485,1
60,2016/2017,Pitanga,PR,952,South,DIMO+BOSC-2,46.5,11.75,3484.49,4384.74,60015.54,296.7215474,1
60,2016/2017,Pitanga,PR,952,South,FLUO-2,46.5,7.25,3484.49,4550.06,60015.54,250.0672788,1
60,2016/2017,Pitanga,PR,952,South,FLUZ-2,46.5,17.25,3484.49,3993.75,60015.54,257.6602223,1
60,2016/2017,Pitanga,PR,952,South,PROCY-2,46.5,14.13,3484.49,4187.4,60015.54,249.3528359,1
60,2016/2017,Pitanga,PR,952,South,TIOF-4,46.5,22.75,3484.49,4175.87,60015.54,240.8618113,1
61,2016/2017,Silvânia,GO,1050,North,AACHECK-0,53.44,53.44,2098.05,2098.05,24159.54,259.2911041,1
61,2016/2017,Silvânia,GO,1050,North,CARB+PROCY-2,53.44,22.5,2098.05,3322.75,24159.54,115.8533987,1
61,2016/2017,Silvânia,GO,1050,North,DIMO+BOSC-2,53.44,17.81,2098.05,3693.35,24159.54,81.7430731,1
61,2016/2017,Silvânia,GO,1050,North,FLUO-2,53.44,21.88,2098.05,3508.7,24159.54,107.6600204,1
61,2016/2017,Silvânia,GO,1050,North,FLUZ-2,53.44,20.94,2098.05,3621.3,24159.54,295.4110131,1
61,2016/2017,Silvânia,GO,1050,North,PROCY-2,53.44,22.66,2098.05,3363.93,24159.54,130.2272272,1
61,2016/2017,Silvânia,GO,1050,North,TIOF-4,53.44,23.13,2098.05,3477.95,24159.54,153.5964735,1
62,2016/2017,Uberlândia,MG,863,North,AACHECK-0,23.75,23.75,3220,3220,16247.86,56.56854249,1
62,2016/2017,Uberlândia,MG,863,North,CARB+PROCY-2,23.75,1.5,3220,3990,16247.86,151.8771433,1
62,2016/2017,Uberlândia,MG,863,North,DIMO+BOSC-2,23.75,2.25,3220,4070,16247.86,123.5583533,1
62,2016/2017,Uberlândia,MG,863,North,FLUO-2,23.75,2.5,3220,4095,16247.86,98.8264472,1
62,2016/2017,Uberlândia,MG,863,North,FLUZ-2,23.75,5.5,3220,4087.5,16247.86,131.497782,1
62,2016/2017,Uberlândia,MG,863,North,PROCY-2,23.75,4.88,3220,3950,16247.86,147.8416141,1
62,2016/2017,Uberlândia,MG,863,North,TIOF-4,23.75,9,3220,3685,16247.86,101.1599394,1
63,2016/2017,Montividiu,GO,921,North,AACHECK-0,82,82,2855.72,2855.72,141349.33,381.0294754,1
63,2016/2017,Montividiu,GO,921,North,CARB+PROCY-2,82,23.88,2855.72,4148.45,141349.33,407.5316538,1
63,2016/2017,Montividiu,GO,921,North,DIMO+BOSC-2,82,20,2855.72,4257.59,141349.33,527.8271066,1
63,2016/2017,Montividiu,GO,921,North,FLUO-2,82,23.75,2855.72,4033.94,141349.33,344.1058675,1
63,2016/2017,Montividiu,GO,921,North,FLUZ-2,82,23.75,2855.72,4305.23,141349.33,338.2414626,1
63,2016/2017,Montividiu,GO,921,North,PROCY-2,82,26.63,2855.72,4075.86,141349.33,318.2367657,1
63,2016/2017,Montividiu,GO,921,North,TIOF-4,82,49.39,2855.72,3640.27,141349.33,446.5946456,1
64,2016/2017,Chapadão do Sul,MS,813,North,AACHECK-0,54.08,54.08,3893.44,3893.44,57527.34,381.5320255,2
64,2016/2017,Chapadão do Sul,MS,813,North,CARB+PROCY-2,54.08,11.88,3893.44,4413.25,57527.34,276.2229162,2
64,2016/2017,Chapadão do Sul,MS,813,North,DIMO+BOSC-2,54.08,3.75,3893.44,4274.4,57527.34,125.3255905,2
64,2016/2017,Chapadão do Sul,MS,813,North,FLUO-2,54.08,16.25,3893.44,4303.36,57527.34,224.7765208,2
64,2016/2017,Chapadão do Sul,MS,813,North,FLUZ-2,54.08,17.5,3893.44,3947.99,57527.34,180.6484106,2
64,2016/2017,Chapadão do Sul,MS,813,North,TIOF-4,54.08,41.25,3893.44,3931.42,57527.34,249.5365071,2
65,2016/2017,Palmeira,PR,865,South,AACHECK-0,14.69,14.69,3014.52,3014.52,18324,114.012866,1
65,2016/2017,Palmeira,PR,865,South,CARB+PROCY-2,14.69,4.69,3014.52,3078.79,18324,76.78435261,1
65,2016/2017,Palmeira,PR,865,South,DIMO+BOSC-2,14.69,3.13,3014.52,3135.09,18324,176.9155135,1
65,2016/2017,Palmeira,PR,865,South,FLUO-2,14.69,2.81,3014.52,3137.8,18324,94.83945506,1
65,2016/2017,Palmeira,PR,865,South,FLUZ-2,14.69,3.44,3014.52,3006.72,18324,184.9884482,1
65,2016/2017,Palmeira,PR,865,South,PROCY-2,14.69,4.69,3014.52,3069.78,18324,152.1678068,1
65,2016/2017,Palmeira,PR,865,South,TIOF-4,14.69,6.88,3014.52,3016.17,18324,106.4863294,1
66,2016/2017,Mauá da Serra,PR,909,South,AACHECK-0,11.88,11.88,3555.59,3555.59,81653.48,222.3983195,1
66,2016/2017,Mauá da Serra,PR,909,South,CARB+PROCY-2,11.88,2.81,3555.59,4327.88,81653.48,536.1551974,1
66,2016/2017,Mauá da Serra,PR,909,South,DIMO+BOSC-2,11.88,0.63,3555.59,4428.08,81653.48,268.1980771,1
66,2016/2017,Mauá da Serra,PR,909,South,FLUO-2,11.88,2.81,3555.59,4227.81,81653.48,334.1678552,1
66,2016/2017,Mauá da Serra,PR,909,South,FLUZ-2,11.88,2.82,3555.59,4062.14,81653.48,518.9756121,1
66,2016/2017,Mauá da Serra,PR,909,South,PROCY-2,11.88,1.88,3555.59,4146.24,81653.48,250.2926171,1
66,2016/2017,Mauá da Serra,PR,909,South,TIOF-4,11.88,5.31,3555.59,3812.43,81653.48,131.1816935,1
